startTime,task,group,team,score
1686575091055,"LSC23-KIS01","LSC-KIS","e-LifeSeeker",920.9416666666666
1686575091055,"LSC23-KIS01","LSC-KIS","MyEachtra",963.9716666666667
1686575091055,"LSC23-KIS01","LSC-KIS","MemoriEase",959.79
1686575091055,"LSC23-KIS01","LSC-KIS","Vitrivr-Hybrid",963.0216666666666
1686575091055,"LSC23-KIS01","LSC-KIS","LifeInsight",956.2233333333334
1686575091055,"LSC23-KIS01","LSC-KIS","LifeLens",947.1983333333334
1686575091055,"LSC23-KIS01","LSC-KIS","First",935.5933333333332
1686575091055,"LSC23-KIS01","LSC-KIS","LifeGraph",907.8933333333333
1686575091055,"LSC23-KIS01","LSC-KIS","Memento",942.4966666666667
1686575091055,"LSC23-KIS01","LSC-KIS","Memoria-MEO4J",913.2566666666667
1686575091055,"LSC23-KIS01","LSC-KIS","Memoria",904.61
1686575091055,"LSC23-KIS01","LSC-KIS","lifeXplore",899.2066666666667
1686575091055,"LSC23-KIS01","LSC-KIS","Voxento",961.3
1686575091055,"LSC23-KIS01","LSC-KIS","2022 Baseline",966.3016666666667
1686575216856,"LSC23-AD01","LSC-AD","e-LifeSeeker",13.489409141583053
1686575216856,"LSC23-AD01","LSC-AD","MyEachtra",16.05351170568562
1686575216856,"LSC23-AD01","LSC-AD","MemoriEase",22.90562036055143
1686575216856,"LSC23-AD01","LSC-AD","Vitrivr-Hybrid",8.695652173913043
1686575216856,"LSC23-AD01","LSC-AD","LifeInsight",45.28006267136703
1686575216856,"LSC23-AD01","LSC-AD","LifeLens",6.521739130434782
1686575216856,"LSC23-AD01","LSC-AD","First",5.260332796564681
1686575216856,"LSC23-AD01","LSC-AD","LifeGraph",1.9323671497584538
1686575216856,"LSC23-AD01","LSC-AD","Memento",39.86778540554284
1686575216856,"LSC23-AD01","LSC-AD","Memoria-MEO4J",0.41407867494824013
1686575216856,"LSC23-AD01","LSC-AD","Memoria",15.942028985507244
1686575216856,"LSC23-AD01","LSC-AD","lifeXplore",14.613526570048306
1686575216856,"LSC23-AD01","LSC-AD","Voxento",14.492753623188406
1686575216856,"LSC23-AD01","LSC-AD","2022 Baseline",10.628019323671495
1686575492269,"LSC23-QA01","LSC-QA","e-LifeSeeker",951.5016666666667
1686575492269,"LSC23-QA01","LSC-QA","MyEachtra",956.8866666666667
1686575492269,"LSC23-QA01","LSC-QA","MemoriEase",890.6966666666667
1686575492269,"LSC23-QA01","LSC-QA","Vitrivr-Hybrid",899.6133333333333
1686575492269,"LSC23-QA01","LSC-QA","LifeInsight",905.55
1686575492269,"LSC23-QA01","LSC-QA","LifeLens",903.075
1686575492269,"LSC23-QA01","LSC-QA","First",909.8416666666667
1686575492269,"LSC23-QA01","LSC-QA","LifeGraph",873.2566666666667
1686575492269,"LSC23-QA01","LSC-QA","Memento",650.6083333333333
1686575492269,"LSC23-QA01","LSC-QA","Memoria-MEO4J",929.1316666666667
1686575492269,"LSC23-QA01","LSC-QA","Memoria",898.3900000000001
1686575492269,"LSC23-QA01","LSC-QA","lifeXplore",929.395
1686575492269,"LSC23-QA01","LSC-QA","Voxento",924.3783333333333
1686575492269,"LSC23-QA01","LSC-QA","2022 Baseline",916.2033333333334
1686575751348,"LSC23-KIS02","LSC-KIS","e-LifeSeeker",956.0933333333334
1686575751348,"LSC23-KIS02","LSC-KIS","MyEachtra",964.22
1686575751348,"LSC23-KIS02","LSC-KIS","MemoriEase",973.4766666666667
1686575751348,"LSC23-KIS02","LSC-KIS","Vitrivr-Hybrid",911.3033333333333
1686575751348,"LSC23-KIS02","LSC-KIS","LifeInsight",966.0966666666666
1686575751348,"LSC23-KIS02","LSC-KIS","LifeLens",847.81
1686575751348,"LSC23-KIS02","LSC-KIS","First",952.6983333333333
1686575751348,"LSC23-KIS02","LSC-KIS","LifeGraph",886.7916666666666
1686575751348,"LSC23-KIS02","LSC-KIS","Memento",816.3866666666667
1686575751348,"LSC23-KIS02","LSC-KIS","Memoria-MEO4J",917.0283333333333
1686575751348,"LSC23-KIS02","LSC-KIS","Memoria",910.0799999999999
1686575751348,"LSC23-KIS02","LSC-KIS","lifeXplore",969.9216666666666
1686575751348,"LSC23-KIS02","LSC-KIS","Voxento",963.9166666666666
1686575751348,"LSC23-KIS02","LSC-KIS","2022 Baseline",955.5266666666666
1686575865051,"LSC23-AD02","LSC-AD","e-LifeSeeker",39.54248366013072
1686575865051,"LSC23-AD02","LSC-AD","MyEachtra",11.76470588235294
1686575865051,"LSC23-AD02","LSC-AD","MemoriEase",18.823529411764707
1686575865051,"LSC23-AD02","LSC-AD","Vitrivr-Hybrid",0.0
1686575865051,"LSC23-AD02","LSC-AD","LifeInsight",6.722689075630251
1686575865051,"LSC23-AD02","LSC-AD","LifeLens",16.339869281045754
1686575865051,"LSC23-AD02","LSC-AD","First",19.6078431372549
1686575865051,"LSC23-AD02","LSC-AD","LifeGraph",0.0
1686575865051,"LSC23-AD02","LSC-AD","Memento",0.0
1686575865051,"LSC23-AD02","LSC-AD","Memoria-MEO4J",1.3071895424836601
1686575865051,"LSC23-AD02","LSC-AD","Memoria",0.0
1686575865051,"LSC23-AD02","LSC-AD","lifeXplore",7.84313725490196
1686575865051,"LSC23-AD02","LSC-AD","Voxento",0.0
1686575865051,"LSC23-AD02","LSC-AD","2022 Baseline",13.23529411764706
1686576143580,"LSC23-QA02","LSC-QA","e-LifeSeeker",418.8126213082935
1686576143580,"LSC23-QA02","LSC-QA","MyEachtra",943.3309945968631
1686576143580,"LSC23-QA02","LSC-QA","MemoriEase",858.3151917326759
1686576143580,"LSC23-QA02","LSC-QA","Vitrivr-Hybrid",0.0
1686576143580,"LSC23-QA02","LSC-QA","LifeInsight",0.0
1686576143580,"LSC23-QA02","LSC-QA","LifeLens",602.2169910297434
1686576143580,"LSC23-QA02","LSC-QA","First",0.0
1686576143580,"LSC23-QA02","LSC-QA","LifeGraph",298.28430729685783
1686576143580,"LSC23-QA02","LSC-QA","Memento",827.9618895242093
1686576143580,"LSC23-QA02","LSC-QA","Memoria-MEO4J",0.0
1686576143580,"LSC23-QA02","LSC-QA","Memoria",0.0
1686576143580,"LSC23-QA02","LSC-QA","lifeXplore",0.0
1686576143580,"LSC23-QA02","LSC-QA","Voxento",536.9187037717044
1686576143580,"LSC23-QA02","LSC-QA","2022 Baseline",0.0
1686576634368,"LSC23-KIS03","LSC-KIS","e-LifeSeeker",705.6087421231057
1686576634368,"LSC23-KIS03","LSC-KIS","MyEachtra",464.77413559077524
1686576634368,"LSC23-KIS03","LSC-KIS","MemoriEase",0.0
1686576634368,"LSC23-KIS03","LSC-KIS","Vitrivr-Hybrid",0.0
1686576634368,"LSC23-KIS03","LSC-KIS","LifeInsight",343.1581673803138
1686576634368,"LSC23-KIS03","LSC-KIS","LifeLens",341.56934617679644
1686576634368,"LSC23-KIS03","LSC-KIS","First",889.5382385920277
1686576634368,"LSC23-KIS03","LSC-KIS","LifeGraph",893.2742306708722
1686576634368,"LSC23-KIS03","LSC-KIS","Memento",0.0
1686576634368,"LSC23-KIS03","LSC-KIS","Memoria-MEO4J",894.5594512894828
1686576634368,"LSC23-KIS03","LSC-KIS","Memoria",859.122443492915
1686576634368,"LSC23-KIS03","LSC-KIS","lifeXplore",694.476502101598
1686576634368,"LSC23-KIS03","LSC-KIS","Voxento",0.0
1686576634368,"LSC23-KIS03","LSC-KIS","2022 Baseline",560.3063546290892
1686577035735,"LSC23-AD03","LSC-AD","e-LifeSeeker",29.629629629629623
1686577035735,"LSC23-AD03","LSC-AD","MyEachtra",50.505050505050505
1686577035735,"LSC23-AD03","LSC-AD","MemoriEase",29.629629629629623
1686577035735,"LSC23-AD03","LSC-AD","Vitrivr-Hybrid",55.55555555555556
1686577035735,"LSC23-AD03","LSC-AD","LifeInsight",32.67973856209151
1686577035735,"LSC23-AD03","LSC-AD","LifeLens",39.50617283950617
1686577035735,"LSC23-AD03","LSC-AD","First",55.55555555555556
1686577035735,"LSC23-AD03","LSC-AD","LifeGraph",46.296296296296305
1686577035735,"LSC23-AD03","LSC-AD","Memento",44.444444444444436
1686577035735,"LSC23-AD03","LSC-AD","Memoria-MEO4J",0.0
1686577035735,"LSC23-AD03","LSC-AD","Memoria",0.0
1686577035735,"LSC23-AD03","LSC-AD","lifeXplore",66.66666666666666
1686577035735,"LSC23-AD03","LSC-AD","Voxento",35.55555555555556
1686577035735,"LSC23-AD03","LSC-AD","2022 Baseline",46.296296296296305
1686577421222,"LSC23-QA03","LSC-QA","e-LifeSeeker",515.7433333333333
1686577421222,"LSC23-QA03","LSC-QA","MyEachtra",693.0833333333334
1686577421222,"LSC23-QA03","LSC-QA","MemoriEase",920.1283333333333
1686577421222,"LSC23-QA03","LSC-QA","Vitrivr-Hybrid",767.76
1686577421222,"LSC23-QA03","LSC-QA","LifeInsight",777.9399999999999
1686577421222,"LSC23-QA03","LSC-QA","LifeLens",609.9
1686577421222,"LSC23-QA03","LSC-QA","First",649.725
1686577421222,"LSC23-QA03","LSC-QA","LifeGraph",807.4283333333333
1686577421222,"LSC23-QA03","LSC-QA","Memento",883.7833333333333
1686577421222,"LSC23-QA03","LSC-QA","Memoria-MEO4J",469.9
1686577421222,"LSC23-QA03","LSC-QA","Memoria",513.3716666666667
1686577421222,"LSC23-QA03","LSC-QA","lifeXplore",909.6500000000001
1686577421222,"LSC23-QA03","LSC-QA","Voxento",609.1366666666667
1686577421222,"LSC23-QA03","LSC-QA","2022 Baseline",610.625
1686577734024,"LSC23-KIS04","LSC-KIS","e-LifeSeeker",684.2984961099509
1686577734024,"LSC23-KIS04","LSC-KIS","MyEachtra",977.8268837968715
1686577734024,"LSC23-KIS04","LSC-KIS","MemoriEase",942.2623594713598
1686577734024,"LSC23-KIS04","LSC-KIS","Vitrivr-Hybrid",657.8104252661396
1686577734024,"LSC23-KIS04","LSC-KIS","LifeInsight",861.2975354825595
1686577734024,"LSC23-KIS04","LSC-KIS","LifeLens",561.928336540889
1686577734024,"LSC23-KIS04","LSC-KIS","First",782.855587867899
1686577734024,"LSC23-KIS04","LSC-KIS","LifeGraph",863.0614178598008
1686577734024,"LSC23-KIS04","LSC-KIS","Memento",620.5085751567987
1686577734024,"LSC23-KIS04","LSC-KIS","Memoria-MEO4J",729.7181394647371
1686577734024,"LSC23-KIS04","LSC-KIS","Memoria",707.06110311499
1686577734024,"LSC23-KIS04","LSC-KIS","lifeXplore",974.7450075243681
1686577734024,"LSC23-KIS04","LSC-KIS","Voxento",0.0
1686577734024,"LSC23-KIS04","LSC-KIS","2022 Baseline",976.8301918959769
1686578092933,"LSC23-AD04","LSC-AD","e-LifeSeeker",13.766233766233766
1686578092933,"LSC23-AD04","LSC-AD","MyEachtra",18.212576896787425
1686578092933,"LSC23-AD04","LSC-AD","MemoriEase",21.139505655634686
1686578092933,"LSC23-AD04","LSC-AD","Vitrivr-Hybrid",21.139505655634686
1686578092933,"LSC23-AD04","LSC-AD","LifeInsight",14.549932825794892
1686578092933,"LSC23-AD04","LSC-AD","LifeLens",11.040453799074488
1686578092933,"LSC23-AD04","LSC-AD","First",8.34054834054834
1686578092933,"LSC23-AD04","LSC-AD","LifeGraph",20.409052025818493
1686578092933,"LSC23-AD04","LSC-AD","Memento",22.50156260851448
1686578092933,"LSC23-AD04","LSC-AD","Memoria-MEO4J",9.923258559622194
1686578092933,"LSC23-AD04","LSC-AD","Memoria",14.030612244897958
1686578092933,"LSC23-AD04","LSC-AD","lifeXplore",13.006253006253004
1686578092933,"LSC23-AD04","LSC-AD","Voxento",10.476190476190474
1686578092933,"LSC23-AD04","LSC-AD","2022 Baseline",20.287569573283857
1686578664276,"LSC23-QA04","LSC-QA","e-LifeSeeker",892.4016666666666
1686578664276,"LSC23-QA04","LSC-QA","MyEachtra",897.21
1686578664276,"LSC23-QA04","LSC-QA","MemoriEase",408.65
1686578664276,"LSC23-QA04","LSC-QA","Vitrivr-Hybrid",875.555
1686578664276,"LSC23-QA04","LSC-QA","LifeInsight",787.01
1686578664276,"LSC23-QA04","LSC-QA","LifeLens",641.8366666666667
1686578664276,"LSC23-QA04","LSC-QA","First",892.8283333333334
1686578664276,"LSC23-QA04","LSC-QA","LifeGraph",880.3866666666667
1686578664276,"LSC23-QA04","LSC-QA","Memento",872.505
1686578664276,"LSC23-QA04","LSC-QA","Memoria-MEO4J",924.2416666666667
1686578664276,"LSC23-QA04","LSC-QA","Memoria",804.5766666666666
1686578664276,"LSC23-QA04","LSC-QA","lifeXplore",571.9766666666667
1686578664276,"LSC23-QA04","LSC-QA","Voxento",824.7133333333334
1686578664276,"LSC23-QA04","LSC-QA","2022 Baseline",896.0516666666667
1686578917515,"LSC23-KIS05","LSC-KIS","e-LifeSeeker",0.0
1686578917515,"LSC23-KIS05","LSC-KIS","MyEachtra",876.6327440591722
1686578917515,"LSC23-KIS05","LSC-KIS","MemoriEase",0.0
1686578917515,"LSC23-KIS05","LSC-KIS","Vitrivr-Hybrid",0.0
1686578917515,"LSC23-KIS05","LSC-KIS","LifeInsight",747.1263048838064
1686578917515,"LSC23-KIS05","LSC-KIS","LifeLens",0.0
1686578917515,"LSC23-KIS05","LSC-KIS","First",0.0
1686578917515,"LSC23-KIS05","LSC-KIS","LifeGraph",0.0
1686578917515,"LSC23-KIS05","LSC-KIS","Memento",629.8185621360751
1686578917515,"LSC23-KIS05","LSC-KIS","Memoria-MEO4J",662.4259035828568
1686578917515,"LSC23-KIS05","LSC-KIS","Memoria",694.2801500288517
1686578917515,"LSC23-KIS05","LSC-KIS","lifeXplore",864.547815139275
1686578917515,"LSC23-KIS05","LSC-KIS","Voxento",609.8299061008236
1686578917515,"LSC23-KIS05","LSC-KIS","2022 Baseline",970.5761816083512
1686579287450,"LSC23-AD05","LSC-AD","e-LifeSeeker",10.590883014871364
1686579287450,"LSC23-AD05","LSC-AD","MyEachtra",11.297153700189753
1686579287450,"LSC23-AD05","LSC-AD","MemoriEase",2.5506376594148534
1686579287450,"LSC23-AD05","LSC-AD","Vitrivr-Hybrid",8.489158269007572
1686579287450,"LSC23-AD05","LSC-AD","LifeInsight",17.866004962779154
1686579287450,"LSC23-AD05","LSC-AD","LifeLens",10.917872880957235
1686579287450,"LSC23-AD05","LSC-AD","First",2.5114410090411874
1686579287450,"LSC23-AD05","LSC-AD","LifeGraph",12.526509655095435
1686579287450,"LSC23-AD05","LSC-AD","Memento",20.25758003956559
1686579287450,"LSC23-AD05","LSC-AD","Memoria-MEO4J",11.514512615081877
1686579287450,"LSC23-AD05","LSC-AD","Memoria",14.900874262232104
1686579287450,"LSC23-AD05","LSC-AD","lifeXplore",24.183596289858148
1686579287450,"LSC23-AD05","LSC-AD","Voxento",13.259160606739188
1686579287450,"LSC23-AD05","LSC-AD","2022 Baseline",24.600798745024967
1686579911697,"LSC23-QA05","LSC-QA","e-LifeSeeker",511.2833845891556
1686579911697,"LSC23-QA05","LSC-QA","MyEachtra",0.0
1686579911697,"LSC23-QA05","LSC-QA","MemoriEase",0.0
1686579911697,"LSC23-QA05","LSC-QA","Vitrivr-Hybrid",0.0
1686579911697,"LSC23-QA05","LSC-QA","LifeInsight",0.0
1686579911697,"LSC23-QA05","LSC-QA","LifeLens",0.0
1686579911697,"LSC23-QA05","LSC-QA","First",680.4292374576238
1686579911697,"LSC23-QA05","LSC-QA","LifeGraph",0.0
1686579911697,"LSC23-QA05","LSC-QA","Memento",0.0
1686579911697,"LSC23-QA05","LSC-QA","Memoria-MEO4J",0.0
1686579911697,"LSC23-QA05","LSC-QA","Memoria",0.0
1686579911697,"LSC23-QA05","LSC-QA","lifeXplore",0.0
1686579911697,"LSC23-QA05","LSC-QA","Voxento",0.0
1686579911697,"LSC23-QA05","LSC-QA","2022 Baseline",0.0
1686580649422,"LSC23-KIS06","LSC-KIS","e-LifeSeeker",849.3566666666667
1686580649422,"LSC23-KIS06","LSC-KIS","MyEachtra",975.1216666666667
1686580649422,"LSC23-KIS06","LSC-KIS","MemoriEase",972.3666666666667
1686580649422,"LSC23-KIS06","LSC-KIS","Vitrivr-Hybrid",967.29
1686580649422,"LSC23-KIS06","LSC-KIS","LifeInsight",870.5799999999999
1686580649422,"LSC23-KIS06","LSC-KIS","LifeLens",957.5783333333334
1686580649422,"LSC23-KIS06","LSC-KIS","First",963.7066666666667
1686580649422,"LSC23-KIS06","LSC-KIS","LifeGraph",941.8766666666668
1686580649422,"LSC23-KIS06","LSC-KIS","Memento",954.475
1686580649422,"LSC23-KIS06","LSC-KIS","Memoria-MEO4J",972.2516666666667
1686580649422,"LSC23-KIS06","LSC-KIS","Memoria",954.38
1686580649422,"LSC23-KIS06","LSC-KIS","lifeXplore",974.6716666666666
1686580649422,"LSC23-KIS06","LSC-KIS","Voxento",793.345
1686580649422,"LSC23-KIS06","LSC-KIS","2022 Baseline",969.2049999999999
1686580849763,"LSC23-AD06","LSC-AD","e-LifeSeeker",57.210401891252964
1686580849763,"LSC23-AD06","LSC-AD","MyEachtra",62.529550827423165
1686580849763,"LSC23-AD06","LSC-AD","MemoriEase",22.22222222222222
1686580849763,"LSC23-AD06","LSC-AD","Vitrivr-Hybrid",31.296296296296298
1686580849763,"LSC23-AD06","LSC-AD","LifeInsight",40.322580645161295
1686580849763,"LSC23-AD06","LSC-AD","LifeLens",50.13888888888889
1686580849763,"LSC23-AD06","LSC-AD","First",15.384615384615383
1686580849763,"LSC23-AD06","LSC-AD","LifeGraph",21.428571428571427
1686580849763,"LSC23-AD06","LSC-AD","Memento",43.393393393393396
1686580849763,"LSC23-AD06","LSC-AD","Memoria-MEO4J",2.7777777777777777
1686580849763,"LSC23-AD06","LSC-AD","Memoria",11.11111111111111
1686580849763,"LSC23-AD06","LSC-AD","lifeXplore",51.679586563307495
1686580849763,"LSC23-AD06","LSC-AD","Voxento",19.444444444444446
1686580849763,"LSC23-AD06","LSC-AD","2022 Baseline",16.666666666666664
1686581053246,"LSC23-QA06","LSC-QA","e-LifeSeeker",902.4091171379112
1686581053246,"LSC23-QA06","LSC-QA","MyEachtra",916.9349656402455
1686581053246,"LSC23-QA06","LSC-QA","MemoriEase",898.1059513193097
1686581053246,"LSC23-QA06","LSC-QA","Vitrivr-Hybrid",445.4201201279966
1686581053246,"LSC23-QA06","LSC-QA","LifeInsight",909.8695771914179
1686581053246,"LSC23-QA06","LSC-QA","LifeLens",0.0
1686581053246,"LSC23-QA06","LSC-QA","First",0.0
1686581053246,"LSC23-QA06","LSC-QA","LifeGraph",0.0
1686581053246,"LSC23-QA06","LSC-QA","Memento",910.0548182342758
1686581053246,"LSC23-QA06","LSC-QA","Memoria-MEO4J",0.0
1686581053246,"LSC23-QA06","LSC-QA","Memoria",822.4341656612286
1686581053246,"LSC23-QA06","LSC-QA","lifeXplore",0.0
1686581053246,"LSC23-QA06","LSC-QA","Voxento",0.0
1686581053246,"LSC23-QA06","LSC-QA","2022 Baseline",780.1146199443949
1686583466623,"LSC23-KIS07N","LSC-KIS-NOVICE","e-LifeSeeker",628.1995796735092
1686583466623,"LSC23-KIS07N","LSC-KIS-NOVICE","MyEachtra",677.5026967124699
1686583466623,"LSC23-KIS07N","LSC-KIS-NOVICE","MemoriEase",0.0
1686583466623,"LSC23-KIS07N","LSC-KIS-NOVICE","Vitrivr-Hybrid",0.0
1686583466623,"LSC23-KIS07N","LSC-KIS-NOVICE","LifeInsight",0.0
1686583466623,"LSC23-KIS07N","LSC-KIS-NOVICE","LifeLens",906.8085022672057
1686583466623,"LSC23-KIS07N","LSC-KIS-NOVICE","First",412.46389356100474
1686583466623,"LSC23-KIS07N","LSC-KIS-NOVICE","LifeGraph",0.0
1686583466623,"LSC23-KIS07N","LSC-KIS-NOVICE","Memento",784.8252956547683
1686583466623,"LSC23-KIS07N","LSC-KIS-NOVICE","Memoria-MEO4J",546.0047671974846
1686583466623,"LSC23-KIS07N","LSC-KIS-NOVICE","Memoria",0.0
1686583466623,"LSC23-KIS07N","LSC-KIS-NOVICE","lifeXplore",0.0
1686583466623,"LSC23-KIS07N","LSC-KIS-NOVICE","Voxento",909.3609529149085
1686583466623,"LSC23-KIS07N","LSC-KIS-NOVICE","2022 Baseline",615.1583109563576
1686583826342,"LSC23-AD07N","LSC-AD-NOVICE","e-LifeSeeker",8.692528735632184
1686583826342,"LSC23-AD07N","LSC-AD-NOVICE","MyEachtra",18.766127140511376
1686583826342,"LSC23-AD07N","LSC-AD-NOVICE","MemoriEase",23.3071583020371
1686583826342,"LSC23-AD07N","LSC-AD-NOVICE","Vitrivr-Hybrid",9.578544061302683
1686583826342,"LSC23-AD07N","LSC-AD-NOVICE","LifeInsight",42.709359605911324
1686583826342,"LSC23-AD07N","LSC-AD-NOVICE","LifeLens",27.630415561450043
1686583826342,"LSC23-AD07N","LSC-AD-NOVICE","First",18.544061302681992
1686583826342,"LSC23-AD07N","LSC-AD-NOVICE","LifeGraph",20.130475302889096
1686583826342,"LSC23-AD07N","LSC-AD-NOVICE","Memento",60.66682970571453
1686583826342,"LSC23-AD07N","LSC-AD-NOVICE","Memoria-MEO4J",0.0
1686583826342,"LSC23-AD07N","LSC-AD-NOVICE","Memoria",3.343782654127482
1686583826342,"LSC23-AD07N","LSC-AD-NOVICE","lifeXplore",57.294429708222815
1686583826342,"LSC23-AD07N","LSC-AD-NOVICE","Voxento",31.074118113357112
1686583826342,"LSC23-AD07N","LSC-AD-NOVICE","2022 Baseline",48.907414424655805
1686584155923,"LSC23-QA08N","LSC-QA-NOVICE","e-LifeSeeker",786.2013907786327
1686584155923,"LSC23-QA08N","LSC-QA-NOVICE","MyEachtra",865.5236402860244
1686584155923,"LSC23-QA08N","LSC-QA-NOVICE","MemoriEase",922.7498204971
1686584155923,"LSC23-QA08N","LSC-QA-NOVICE","Vitrivr-Hybrid",799.7321390516345
1686584155923,"LSC23-QA08N","LSC-QA-NOVICE","LifeInsight",935.9363166332797
1686584155923,"LSC23-QA08N","LSC-QA-NOVICE","LifeLens",899.145598982325
1686584155923,"LSC23-QA08N","LSC-QA-NOVICE","First",0.0
1686584155923,"LSC23-QA08N","LSC-QA-NOVICE","LifeGraph",561.698179397985
1686584155923,"LSC23-QA08N","LSC-QA-NOVICE","Memento",917.184410951808
1686584155923,"LSC23-QA08N","LSC-QA-NOVICE","Memoria-MEO4J",824.210105275582
1686584155923,"LSC23-QA08N","LSC-QA-NOVICE","Memoria",839.8506273585369
1686584155923,"LSC23-QA08N","LSC-QA-NOVICE","lifeXplore",843.4636354992804
1686584155923,"LSC23-QA08N","LSC-QA-NOVICE","Voxento",927.6890190125537
1686584155923,"LSC23-QA08N","LSC-QA-NOVICE","2022 Baseline",776.8888786888256
1686584575205,"LSC23-KIS08N","LSC-KIS-NOVICE","e-LifeSeeker",671.3195348333984
1686584575205,"LSC23-KIS08N","LSC-KIS-NOVICE","MyEachtra",679.1373369310414
1686584575205,"LSC23-KIS08N","LSC-KIS-NOVICE","MemoriEase",827.3968964850218
1686584575205,"LSC23-KIS08N","LSC-KIS-NOVICE","Vitrivr-Hybrid",800.7780098292181
1686584575205,"LSC23-KIS08N","LSC-KIS-NOVICE","LifeInsight",0.0
1686584575205,"LSC23-KIS08N","LSC-KIS-NOVICE","LifeLens",841.1686212537991
1686584575205,"LSC23-KIS08N","LSC-KIS-NOVICE","First",0.0
1686584575205,"LSC23-KIS08N","LSC-KIS-NOVICE","LifeGraph",0.0
1686584575205,"LSC23-KIS08N","LSC-KIS-NOVICE","Memento",0.0
1686584575205,"LSC23-KIS08N","LSC-KIS-NOVICE","Memoria-MEO4J",0.0
1686584575205,"LSC23-KIS08N","LSC-KIS-NOVICE","Memoria",592.8284083420489
1686584575205,"LSC23-KIS08N","LSC-KIS-NOVICE","lifeXplore",613.6736948745774
1686584575205,"LSC23-KIS08N","LSC-KIS-NOVICE","Voxento",763.2974764679075
1686584575205,"LSC23-KIS08N","LSC-KIS-NOVICE","2022 Baseline",625.6280962201115
1686584943139,"LSC23-AD08N","LSC-AD-NOVICE","e-LifeSeeker",36.479708162334695
1686584943139,"LSC23-AD08N","LSC-AD-NOVICE","MyEachtra",20.630861040068204
1686584943139,"LSC23-AD08N","LSC-AD-NOVICE","MemoriEase",0.0
1686584943139,"LSC23-AD08N","LSC-AD-NOVICE","Vitrivr-Hybrid",0.65359477124183
1686584943139,"LSC23-AD08N","LSC-AD-NOVICE","LifeInsight",10.724896019013666
1686584943139,"LSC23-AD08N","LSC-AD-NOVICE","LifeLens",10.980392156862745
1686584943139,"LSC23-AD08N","LSC-AD-NOVICE","First",12.00980392156863
1686584943139,"LSC23-AD08N","LSC-AD-NOVICE","LifeGraph",11.76470588235294
1686584943139,"LSC23-AD08N","LSC-AD-NOVICE","Memento",18.79795396419437
1686584943139,"LSC23-AD08N","LSC-AD-NOVICE","Memoria-MEO4J",0.9803921568627451
1686584943139,"LSC23-AD08N","LSC-AD-NOVICE","Memoria",5.88235294117647
1686584943139,"LSC23-AD08N","LSC-AD-NOVICE","lifeXplore",30.392156862745097
1686584943139,"LSC23-AD08N","LSC-AD-NOVICE","Voxento",45.59339525283797
1686584943139,"LSC23-AD08N","LSC-AD-NOVICE","2022 Baseline",20.109439124487
1686585207408,"LSC23-QA09N","LSC-QA-NOVICE","e-LifeSeeker",0.0
1686585207408,"LSC23-QA09N","LSC-QA-NOVICE","MyEachtra",410.65901639344264
1686585207408,"LSC23-QA09N","LSC-QA-NOVICE","MemoriEase",0.0
1686585207408,"LSC23-QA09N","LSC-QA-NOVICE","Vitrivr-Hybrid",0.0
1686585207408,"LSC23-QA09N","LSC-QA-NOVICE","LifeInsight",0.0
1686585207408,"LSC23-QA09N","LSC-QA-NOVICE","LifeLens",857.5196721311476
1686585207408,"LSC23-QA09N","LSC-QA-NOVICE","First",758.9819672131148
1686585207408,"LSC23-QA09N","LSC-QA-NOVICE","LifeGraph",0.0
1686585207408,"LSC23-QA09N","LSC-QA-NOVICE","Memento",0.0
1686585207408,"LSC23-QA09N","LSC-QA-NOVICE","Memoria-MEO4J",0.0
1686585207408,"LSC23-QA09N","LSC-QA-NOVICE","Memoria",893.2606557377048
1686585207408,"LSC23-QA09N","LSC-QA-NOVICE","lifeXplore",824.5442622950819
1686585207408,"LSC23-QA09N","LSC-QA-NOVICE","Voxento",652.0967213114754
1686585207408,"LSC23-QA09N","LSC-QA-NOVICE","2022 Baseline",0.0
1686586180938,"LSC23-KIS09N","LSC-KIS-NOVICE","e-LifeSeeker",931.9168398895745
1686586180938,"LSC23-KIS09N","LSC-KIS-NOVICE","MyEachtra",924.4775444095449
1686586180938,"LSC23-KIS09N","LSC-KIS-NOVICE","MemoriEase",853.3681746349205
1686586180938,"LSC23-KIS09N","LSC-KIS-NOVICE","Vitrivr-Hybrid",890.6810447144609
1686586180938,"LSC23-KIS09N","LSC-KIS-NOVICE","LifeInsight",934.4381348319027
1686586180938,"LSC23-KIS09N","LSC-KIS-NOVICE","LifeLens",929.4939049580003
1686586180938,"LSC23-KIS09N","LSC-KIS-NOVICE","First",0.0
1686586180938,"LSC23-KIS09N","LSC-KIS-NOVICE","LifeGraph",927.0873633615518
1686586180938,"LSC23-KIS09N","LSC-KIS-NOVICE","Memento",908.8924007055691
1686586180938,"LSC23-KIS09N","LSC-KIS-NOVICE","Memoria-MEO4J",850.5747503295061
1686586180938,"LSC23-KIS09N","LSC-KIS-NOVICE","Memoria",857.2206083894532
1686586180938,"LSC23-KIS09N","LSC-KIS-NOVICE","lifeXplore",895.6236352548508
1686586180938,"LSC23-KIS09N","LSC-KIS-NOVICE","Voxento",912.9366364810722
1686586180938,"LSC23-KIS09N","LSC-KIS-NOVICE","2022 Baseline",930.7414377610639
1686586505132,"LSC23-AD09N","LSC-AD-NOVICE","e-LifeSeeker",34.72222222222222
1686586505132,"LSC23-AD09N","LSC-AD-NOVICE","MyEachtra",23.703703703703702
1686586505132,"LSC23-AD09N","LSC-AD-NOVICE","MemoriEase",1.30718954248366
1686586505132,"LSC23-AD09N","LSC-AD-NOVICE","Vitrivr-Hybrid",34.72222222222222
1686586505132,"LSC23-AD09N","LSC-AD-NOVICE","LifeInsight",2.150537634408602
1686586505132,"LSC23-AD09N","LSC-AD-NOVICE","LifeLens",57.30994152046783
1686586505132,"LSC23-AD09N","LSC-AD-NOVICE","First",15.384615384615383
1686586505132,"LSC23-AD09N","LSC-AD-NOVICE","LifeGraph",0.0
1686586505132,"LSC23-AD09N","LSC-AD-NOVICE","Memento",85.71428571428571
1686586505132,"LSC23-AD09N","LSC-AD-NOVICE","Memoria-MEO4J",42.73504273504274
1686586505132,"LSC23-AD09N","LSC-AD-NOVICE","Memoria",25.0
1686586505132,"LSC23-AD09N","LSC-AD-NOVICE","lifeXplore",74.85380116959062
1686586505132,"LSC23-AD09N","LSC-AD-NOVICE","Voxento",67.72486772486772
1686586505132,"LSC23-AD09N","LSC-AD-NOVICE","2022 Baseline",28.57142857142857
1686586723135,"LSC23-QA10N","LSC-QA-NOVICE","e-LifeSeeker",895.3016666666667
1686586723135,"LSC23-QA10N","LSC-QA-NOVICE","MyEachtra",689.3366666666666
1686586723135,"LSC23-QA10N","LSC-QA-NOVICE","MemoriEase",932.6883333333333
1686586723135,"LSC23-QA10N","LSC-QA-NOVICE","Vitrivr-Hybrid",793.9449999999999
1686586723135,"LSC23-QA10N","LSC-QA-NOVICE","LifeInsight",904.585
1686586723135,"LSC23-QA10N","LSC-QA-NOVICE","LifeLens",931.295
1686586723135,"LSC23-QA10N","LSC-QA-NOVICE","First",930.3166666666666
1686586723135,"LSC23-QA10N","LSC-QA-NOVICE","LifeGraph",870.73
1686586723135,"LSC23-QA10N","LSC-QA-NOVICE","Memento",837.6166666666667
1686586723135,"LSC23-QA10N","LSC-QA-NOVICE","Memoria-MEO4J",896.5383333333333
1686586723135,"LSC23-QA10N","LSC-QA-NOVICE","Memoria",913.2616666666667
1686586723135,"LSC23-QA10N","LSC-QA-NOVICE","lifeXplore",911.9333333333334
1686586723135,"LSC23-QA10N","LSC-QA-NOVICE","Voxento",944.675
1686586723135,"LSC23-QA10N","LSC-QA-NOVICE","2022 Baseline",937.7383333333333
1686586968865,"LSC23-KIS10N","LSC-KIS-NOVICE","e-LifeSeeker",366.1251454894182
1686586968865,"LSC23-KIS10N","LSC-KIS-NOVICE","MyEachtra",804.031081457681
1686586968865,"LSC23-KIS10N","LSC-KIS-NOVICE","MemoriEase",377.55774495500077
1686586968865,"LSC23-KIS10N","LSC-KIS-NOVICE","Vitrivr-Hybrid",776.4675988918215
1686586968865,"LSC23-KIS10N","LSC-KIS-NOVICE","LifeInsight",0.0
1686586968865,"LSC23-KIS10N","LSC-KIS-NOVICE","LifeLens",486.2756348256586
1686586968865,"LSC23-KIS10N","LSC-KIS-NOVICE","First",0.0
1686586968865,"LSC23-KIS10N","LSC-KIS-NOVICE","LifeGraph",373.9430501139325
1686586968865,"LSC23-KIS10N","LSC-KIS-NOVICE","Memento",0.0
1686586968865,"LSC23-KIS10N","LSC-KIS-NOVICE","Memoria-MEO4J",704.270421796364
1686586968865,"LSC23-KIS10N","LSC-KIS-NOVICE","Memoria",632.9437222340617
1686586968865,"LSC23-KIS10N","LSC-KIS-NOVICE","lifeXplore",738.646907427747
1686586968865,"LSC23-KIS10N","LSC-KIS-NOVICE","Voxento",771.7398075441386
1686586968865,"LSC23-KIS10N","LSC-KIS-NOVICE","2022 Baseline",620.8570351305716
1686587300976,"LSC23-AD10N","LSC-AD-NOVICE","e-LifeSeeker",2.8828828828828827
1686587300976,"LSC23-AD10N","LSC-AD-NOVICE","MyEachtra",3.435639028859368
1686587300976,"LSC23-AD10N","LSC-AD-NOVICE","MemoriEase",5.045045045045045
1686587300976,"LSC23-AD10N","LSC-AD-NOVICE","Vitrivr-Hybrid",2.0951183741881416
1686587300976,"LSC23-AD10N","LSC-AD-NOVICE","LifeInsight",35.69550411655675
1686587300976,"LSC23-AD10N","LSC-AD-NOVICE","LifeLens",1.6087516087516087
1686587300976,"LSC23-AD10N","LSC-AD-NOVICE","First",58.72661652478167
1686587300976,"LSC23-AD10N","LSC-AD-NOVICE","LifeGraph",3.8572553135659935
1686587300976,"LSC23-AD10N","LSC-AD-NOVICE","Memento",7.220857220857221
1686587300976,"LSC23-AD10N","LSC-AD-NOVICE","Memoria-MEO4J",0.8655714538067479
1686587300976,"LSC23-AD10N","LSC-AD-NOVICE","Memoria",1.517306780464675
1686587300976,"LSC23-AD10N","LSC-AD-NOVICE","lifeXplore",9.543441746831578
1686587300976,"LSC23-AD10N","LSC-AD-NOVICE","Voxento",2.9189189189189193
1686587300976,"LSC23-AD10N","LSC-AD-NOVICE","2022 Baseline",1.051051051051051
1686587745895,"LSC23-QA07N","LSC-QA-NOVICE","e-LifeSeeker",0.0
1686587745895,"LSC23-QA07N","LSC-QA-NOVICE","MyEachtra",0.0
1686587745895,"LSC23-QA07N","LSC-QA-NOVICE","MemoriEase",537.352747350026
1686587745895,"LSC23-QA07N","LSC-QA-NOVICE","Vitrivr-Hybrid",657.1230446913637
1686587745895,"LSC23-QA07N","LSC-QA-NOVICE","LifeInsight",682.1014875263522
1686587745895,"LSC23-QA07N","LSC-QA-NOVICE","LifeLens",398.3891961718409
1686587745895,"LSC23-QA07N","LSC-QA-NOVICE","First",406.0720714222483
1686587745895,"LSC23-QA07N","LSC-QA-NOVICE","LifeGraph",633.3862289879116
1686587745895,"LSC23-QA07N","LSC-QA-NOVICE","Memento",0.0
1686587745895,"LSC23-QA07N","LSC-QA-NOVICE","Memoria-MEO4J",0.0
1686587745895,"LSC23-QA07N","LSC-QA-NOVICE","Memoria",780.2382271649788
1686587745895,"LSC23-QA07N","LSC-QA-NOVICE","lifeXplore",624.2905807483861
1686587745895,"LSC23-QA07N","LSC-QA-NOVICE","Voxento",0.0
1686587745895,"LSC23-QA07N","LSC-QA-NOVICE","2022 Baseline",863.4259335154081